{
  "npmScope": "hynari_bike",
  "affected": {
    "defaultBase": "master"
  },
  "implicitDependencies": {
    "package.json": {
      "dependencies": "*",
      "devDependencies": "*"
    },
    ".eslintrc.json": "*"
  },
  "tasksRunnerOptions": {
    "default": {
      "runner": "@nrwl/workspace/tasks-runners/default",
      "options": {
        "cacheableOperations": ["build", "lint", "test", "e2e"]
      }
    }
  },
  "targetDependencies": {
    "build": [
      {
        "target": "build",
        "projects": "dependencies"
      }
    ]
  },
  "projects": {
    "bike": {
      "tags": []
    },
    "knex-lib": {
      "tags": []
    },
    "nest-app": {
      "tags": []
    },
    "vue-app": {
      "tags": []
    },
    "vue-app-e2e": {
      "tags": [],
      "implicitDependencies": ["vue-app"]
    }
  }
}
