{
  "version": 2,
  "projects": {
    "bike": {
      "root": "libs/bike",
      "sourceRoot": "libs/bike/src",
      "projectType": "library",
      "targets": {
        "lint": {
          "executor": "@nrwl/linter:eslint",
          "options": {
            "lintFilePatterns": ["libs/bike/**/*.ts"]
          }
        },
        "test": {
          "executor": "@nrwl/jest:jest",
          "outputs": ["coverage/libs/bike"],
          "options": {
            "jestConfig": "libs/bike/jest.config.js",
            "passWithNoTests": true
          }
        }
      }
    },
    "knex-lib": {
      "root": "libs/knex-lib",
      "sourceRoot": "libs/knex-lib/src",
      "projectType": "library",
      "targets": {
        "lint": {
          "executor": "@nrwl/linter:eslint",
          "options": {
            "lintFilePatterns": ["libs/knex-lib/**/*.ts"]
          }
        },
        "test": {
          "executor": "@nrwl/jest:jest",
          "outputs": ["coverage/libs/knex-lib"],
          "options": {
            "jestConfig": "libs/knex-lib/jest.config.js",
            "passWithNoTests": true
          }
        }
      }
    },
    "nest-app": {
      "root": "apps/nest-app",
      "sourceRoot": "apps/nest-app/src",
      "projectType": "application",
      "targets": {
        "build": {
          "executor": "@nrwl/node:build",
          "outputs": ["{options.outputPath}"],
          "options": {
            "outputPath": "dist/apps/nest-app",
            "main": "apps/nest-app/src/main.ts",
            "tsConfig": "apps/nest-app/tsconfig.app.json",
            "assets": ["apps/nest-app/src/assets"]
          },
          "configurations": {
            "production": {
              "optimization": true,
              "extractLicenses": true,
              "inspect": false,
              "fileReplacements": [
                {
                  "replace": "apps/nest-app/src/environments/environment.ts",
                  "with": "apps/nest-app/src/environments/environment.prod.ts"
                }
              ]
            }
          }
        },
        "serve": {
          "executor": "@nrwl/node:execute",
          "options": {
            "buildTarget": "nest-app:build"
          }
        },
        "lint": {
          "executor": "@nrwl/linter:eslint",
          "options": {
            "lintFilePatterns": ["apps/nest-app/**/*.ts"]
          }
        },
        "test": {
          "executor": "@nrwl/jest:jest",
          "outputs": ["coverage/apps/nest-app"],
          "options": {
            "jestConfig": "apps/nest-app/jest.config.js",
            "passWithNoTests": true
          }
        }
      }
    },
    "vue-app": {
      "projectType": "application",
      "root": "apps/vue-app",
      "sourceRoot": "apps/vue-app/src",
      "targets": {
        "build": {
          "executor": "@nx-plus/vue:browser",
          "options": {
            "dest": "dist/apps/vue-app",
            "index": "apps/vue-app/public/index.html",
            "main": "apps/vue-app/src/main.ts",
            "tsConfig": "apps/vue-app/tsconfig.app.json"
          },
          "configurations": {
            "production": {
              "mode": "production",
              "filenameHashing": true,
              "productionSourceMap": true,
              "css": {
                "extract": true,
                "sourceMap": false
              }
            }
          }
        },
        "serve": {
          "executor": "@nx-plus/vue:dev-server",
          "options": {
            "browserTarget": "vue-app:build",
            "devServer": {
              "proxy": {
                "^/api": {
                  "target": "http://192.168.1.94:3333",
                  "changeOrigin": true
                }
              }
            }
          },
          "configurations": {
            "production": {
              "browserTarget": "vue-app:build:production"
            }
          }
        },
        "lint": {
          "executor": "@nrwl/linter:eslint",
          "options": {
            "lintFilePatterns": ["apps/vue-app/**/*.{ts,tsx,vue}"]
          }
        },
        "test": {
          "executor": "@nrwl/jest:jest",
          "outputs": ["coverage/apps/vue-app"],
          "options": {
            "jestConfig": "apps/vue-app/jest.config.js",
            "passWithNoTests": true
          }
        }
      }
    },
    "vue-app-e2e": {
      "root": "apps/vue-app-e2e",
      "sourceRoot": "apps/vue-app-e2e/src",
      "projectType": "application",
      "targets": {
        "e2e": {
          "executor": "@nrwl/cypress:cypress",
          "options": {
            "cypressConfig": "apps/vue-app-e2e/cypress.json",
            "tsConfig": "apps/vue-app-e2e/tsconfig.e2e.json",
            "devServerTarget": "vue-app:serve"
          },
          "configurations": {
            "production": {
              "devServerTarget": "vue-app:serve:production"
            }
          }
        },
        "lint": {
          "executor": "@nrwl/linter:eslint",
          "options": {
            "lintFilePatterns": ["apps/vue-app-e2e/**/*.{js,ts}"]
          }
        }
      }
    }
  },
  "cli": {
    "defaultCollection": "@nrwl/nest"
  },
  "defaultProject": "nest-app"
}
